{
  "no-reg": {
    "no-reg": 1.0000001192092896,
    "SimCTG": 0.7081529498100281,
    "SimCTG+QAHSP": 0.7461575865745544,
    "SimCTG+ES": 0.7027785181999207,
    "SimCTG+HSU": 0.7411860227584839,
    "SimCTG+AOS": 0.7073161005973816
  },
  "SimCTG": {
    "no-reg": 0.7081529498100281,
    "SimCTG": 1.0,
    "SimCTG+QAHSP": 0.7191595435142517,
    "SimCTG+ES": 0.6846227049827576,
    "SimCTG+HSU": 0.688707709312439,
    "SimCTG+AOS": 0.6744828224182129
  },
  "SimCTG+QAHSP": {
    "no-reg": 0.7461575865745544,
    "SimCTG": 0.7191595435142517,
    "SimCTG+QAHSP": 1.0000001192092896,
    "SimCTG+ES": 0.7486706972122192,
    "SimCTG+HSU": 0.691008448600769,
    "SimCTG+AOS": 0.7166145443916321
  },
  "SimCTG+ES": {
    "no-reg": 0.7027785181999207,
    "SimCTG": 0.6846227049827576,
    "SimCTG+QAHSP": 0.7486706972122192,
    "SimCTG+ES": 1.0000001192092896,
    "SimCTG+HSU": 0.7097563147544861,
    "SimCTG+AOS": 0.7295978665351868
  },
  "SimCTG+HSU": {
    "no-reg": 0.7411860227584839,
    "SimCTG": 0.688707709312439,
    "SimCTG+QAHSP": 0.691008448600769,
    "SimCTG+ES": 0.7097563147544861,
    "SimCTG+HSU": 1.0000001192092896,
    "SimCTG+AOS": 0.7205949425697327
  },
  "SimCTG+AOS": {
    "no-reg": 0.7073161005973816,
    "SimCTG": 0.6744828224182129,
    "SimCTG+QAHSP": 0.7166145443916321,
    "SimCTG+ES": 0.7295978665351868,
    "SimCTG+HSU": 0.7205949425697327,
    "SimCTG+AOS": 0.9999999403953552
  }
}