{
  "no-reg": {
    "norms": [
      82.8610610961914,
      74.36043548583984,
      84.44847106933594,
      84.7039794921875,
      64.86913299560547,
      73.76284790039062,
      69.17152404785156,
      63.027923583984375,
      52.42226791381836,
      35.87632751464844,
      28.76905632019043
    ],
    "kurts": [
      4.855867385864258,
      2.8805336952209473,
      1.1206727027893066,
      1.0582356452941895,
      0.8072985410690308,
      1.0698959827423096,
      1.292937994003296,
      4.44473123550415,
      23.753156661987305,
      183.02464294433594,
      388.1587829589844
    ]
  },
  "SimCTG": {
    "norms": [
      82.8995132446289,
      75.21341705322266,
      83.13368225097656,
      82.3014907836914,
      64.17926788330078,
      73.55484771728516,
      68.2824935913086,
      64.23097229003906,
      53.610286712646484,
      36.06589126586914,
      27.404142379760742
    ],
    "kurts": [
      5.22653865814209,
      3.193834066390991,
      0.8576445579528809,
      0.9317208528518677,
      0.706852376461029,
      0.8229748010635376,
      1.9099056720733643,
      4.851380348205566,
      28.853525161743164,
      184.3623809814453,
      358.630859375
    ]
  },
  "SimCTG+QAHSP": {
    "norms": [
      81.03509521484375,
      74.17752838134766,
      83.78406524658203,
      82.69522094726562,
      63.89334487915039,
      74.52857971191406,
      67.91127014160156,
      64.07562255859375,
      52.825660705566406,
      35.43454360961914,
      30.548107147216797
    ],
    "kurts": [
      3.835179567337036,
      2.4510762691497803,
      0.8331541419029236,
      0.7151315212249756,
      0.7320422530174255,
      0.8011575937271118,
      0.9048928022384644,
      3.4804654121398926,
      21.797697067260742,
      173.99606323242188,
      386.97918701171875
    ]
  },
  "SimCTG+ES": {
    "norms": [
      82.62226104736328,
      75.1025390625,
      84.94764709472656,
      80.84661102294922,
      63.999778747558594,
      72.64584350585938,
      65.707275390625,
      61.80288314819336,
      49.580055236816406,
      34.79338073730469,
      27.630577087402344
    ],
    "kurts": [
      4.948187828063965,
      3.426382303237915,
      1.003125548362732,
      1.0885035991668701,
      0.8019349575042725,
      1.0049747228622437,
      1.1360023021697998,
      3.7354226112365723,
      17.517728805541992,
      174.50112915039062,
      381.40606689453125
    ]
  },
  "SimCTG+HSU": {
    "norms": [
      81.51065063476562,
      74.14579772949219,
      84.77708435058594,
      83.02979278564453,
      66.24172973632812,
      75.18669891357422,
      64.73681640625,
      62.87533187866211,
      52.14603042602539,
      35.268707275390625,
      28.539628982543945
    ],
    "kurts": [
      3.804694652557373,
      1.8663853406906128,
      0.7781698703765869,
      0.9039973020553589,
      0.8394896984100342,
      0.7438814640045166,
      1.1972663402557373,
      4.4696946144104,
      27.126493453979492,
      183.8109588623047,
      386.6787109375
    ]
  },
  "SimCTG+AOS": {
    "norms": [
      84.75853729248047,
      77.02366638183594,
      84.03617858886719,
      81.2281265258789,
      66.06658172607422,
      72.4874038696289,
      63.07447814941406,
      62.116519927978516,
      52.27328872680664,
      35.48656463623047,
      28.157312393188477
    ],
    "kurts": [
      5.198080062866211,
      4.80472469329834,
      0.7657652497291565,
      0.7305189371109009,
      0.642646312713623,
      0.6297460794448853,
      1.489835500717163,
      5.857874870300293,
      30.544631958007812,
      182.83627319335938,
      385.41748046875
    ]
  }
}