{
  "no-reg": {
    "isoscore": 0.9196764230728149,
    "eff_rank": 96.45550204522421,
    "norm_var": 19.190195083618164,
    "norm_mean": 27.46596908569336,
    "max_abs": 36.5
  },
  "SimCTG": {
    "isoscore": 0.8950488567352295,
    "eff_rank": 94.40702880943573,
    "norm_var": 28.09220314025879,
    "norm_mean": 26.198692321777344,
    "max_abs": 36.5
  },
  "SimCTG+QAHSP": {
    "isoscore": 0.9058330059051514,
    "eff_rank": 92.1850517498386,
    "norm_var": 29.38678550720215,
    "norm_mean": 30.21584701538086,
    "max_abs": 41.0
  },
  "SimCTG+ES": {
    "isoscore": 0.9128783941268921,
    "eff_rank": 95.01078049667903,
    "norm_var": 29.09756851196289,
    "norm_mean": 29.541982650756836,
    "max_abs": 43.0
  },
  "SimCTG+HSU": {
    "isoscore": 0.9256589412689209,
    "eff_rank": 95.99981971300701,
    "norm_var": 22.477293014526367,
    "norm_mean": 29.241943359375,
    "max_abs": 38.25
  },
  "SimCTG+AOS": {
    "isoscore": 0.9227072596549988,
    "eff_rank": 99.81859154964323,
    "norm_var": 14.296555519104004,
    "norm_mean": 28.209720611572266,
    "max_abs": 35.25
  }
}