{"_wandb":{"runtime":396},"_timestamp":1.7745235273271282e+09,"val_bpb":2.234328113232034,"lr_scale":1,"_runtime":396.498539837,"val_loss":3.7725694269914163,"train_loss":3.7714996337890625,"step_avg_ms":1974.656167600042,"_step":50}