variant,train_gpus,scheduler_gpus,scheduler_policy,train_tokens,effective_tokens_per_second,final_train_lm_loss,final_valid_lm_loss,final_valid_bpb,docs_scored_per_second,queue_fill_ratio,avg_selected_score,wallclock_seconds
6_train_2_scheduler_v1_proxy,6,2,novelty_v1,59392,58901.41514097811,6.0536789894104,6.031978900759828,3.5657622145776893,44.62829474245715,0.9375,0.46785774080399256,1.008328914642334
7_train_1_scheduler_v1_proxy,7,1,novelty_v1,59392,60992.2096477184,6.007101058959961,6.034474666445863,3.5672375690386575,37.996897847615514,0.875,0.46335867792367935,0.9737637042999268
baseline_full_train_8gpu_proxy,8,0,none,59392,45888.17780823381,6.140096664428711,6.0473397105347875,3.5748426500337827,nan,nan,nan,1.2942767143249512
