variant,scheduler_policy,lookahead_size,max_wallclock_seconds,mean_valid_lm_loss,std_valid_lm_loss,min_valid_lm_loss,max_valid_lm_loss,mean_valid_bpb,delta_vs_baseline_lm_loss,delta_vs_random_lm_loss
baseline_no_scheduler,none,16,0.8,6.011983956854327,0.010179304996163487,6.004009446910783,6.026350651535333,3.5539423430837997,0.0,-0.008398294137195172
random_lookahead_16,random_lookahead,16,0.8,6.020382250991522,0.008294939454290998,6.009315559910793,6.029285357980167,3.55890693602983,0.008398294137195172,0.0
unique_only_lookahead_16,score_unique_only,16,0.8,6.006753734513825,0.0020687399253097143,6.004695090125589,6.009583338569192,3.5508505336623086,-0.005230222340502522,-0.013628516477697694
baseline_no_scheduler,none,16,1.2,5.74053018108692,0.02207178628886828,5.7094012335235,5.758091425428203,3.393474338708994,0.0,0.0013776056127605685
random_lookahead_16,random_lookahead,16,1.2,5.73915257547416,0.013481610005831925,5.722368470360251,5.755377320682301,3.3926599767688423,-0.0013776056127605685,0.0
unique_only_lookahead_16,score_unique_only,16,1.2,5.716171019685035,0.0279680946484284,5.677926805907605,5.744031350752887,3.3790745905111508,-0.02435916140188521,-0.02298155578912464
