variant,scheduler_policy,lookahead_size,seed,max_wallclock_seconds,train_tokens,eff_tok_per_sec,final_train_lm_loss,final_valid_lm_loss,final_valid_bpb,docs_scored_per_second,avg_selected_score,queue_fill_ratio
novelty_v1_lookahead_4,novelty_v1,4,42,15,59392,61330.21000986766,6.130155563354492,6.042268541747449,3.571844864009803,34.076928379674584,0.46030258964433124,0.75
novelty_v1_lookahead_8,novelty_v1,8,42,15,59392,52352.937515407466,6.007101058959961,6.03447468140546,3.5672375778819188,32.61480819083506,0.46335867792367935,0.875
novelty_v1_lookahead_16,novelty_v1,16,42,15,59392,50773.19147902326,6.0536789894104,6.031978915719425,3.565762223420951,38.46972010634508,0.46785774080399256,0.9375
