variant,scheduler_policy,lookahead_size,seed,max_wallclock_seconds,train_tokens,eff_tok_per_sec,final_train_lm_loss,final_valid_lm_loss,final_valid_bpb,docs_scored_per_second,avg_selected_score,queue_fill_ratio
score_unique_only,score_unique_only,8,42,15,59392,54105.15849472226,6.00823974609375,6.034808039197735,3.5674346400134658,33.706405985734165,0.22733463035019455,0.875
score_transition_only,score_transition_only,8,42,15,59392,56561.50032457661,6.038000106811523,6.043958282470703,3.572843742441332,35.236656654252,0.9961881597836812,0.875
score_freq_penalty_only,score_freq_penalty_only,8,42,15,59392,56248.761634489325,5.996112823486328,6.036960119359634,3.5687068271763014,35.041826853382695,-0.024740596627756163,0.875
novelty_v1,novelty_v1,8,42,15,59392,57697.262322226525,6.007101058959961,6.0344746963650575,3.5672375867251804,35.9442131250401,0.46335867792367935,0.875
score_unique_plus_transition,score_unique_plus_transition,8,42,15,59392,56399.3403389103,6.007907867431641,6.034172404046152,3.5670588887313306,35.13563430326779,0.47610591983787437,0.875
score_unique_minus_freq_penalty,score_unique_minus_freq_penalty,8,42,15,59392,56930.65385574365,6.00129508972168,6.0348302841186525,3.5674477899431616,35.46663174606875,0.21465629053177693,0.875
