variant,scheduler_policy,lookahead_size,seed,max_wallclock_seconds,train_tokens,eff_tok_per_sec,final_train_lm_loss,final_valid_lm_loss,final_valid_bpb,docs_scored_per_second,avg_selected_score,queue_fill_ratio
baseline_no_scheduler,none,8,42,15,59392,59860.77551858027,6.140096664428711,6.047339684355492,3.5748426345580753,nan,nan,nan
fifo_lookahead,fifo_lookahead,8,42,15,59392,57480.46758366297,6.140096664428711,6.047339708664838,3.574842648928375,35.809154441600384,0.4565006102376101,0.875
random_lookahead,random_lookahead,8,42,15,59392,60750.19123567381,5.997036457061768,6.04240940879373,3.5719281365807403,37.84612533203009,0.45635875864328884,0.875
novelty_v1,novelty_v1,8,42,15,59392,61447.302861461685,6.007101058959961,6.03447468140546,3.5672375778819188,38.280411602136354,0.46335867792367935,0.875
