{
  "baseline_6L": 1.301145076751709,
  "ensemble_bpc": 1.7660126072282492,
  "ensemble_m1_bpc": 1.979727830296558,
  "idea_b_r32": 1.4309688806533813,
  "idea_b_r64": 1.4078787565231323,
  "idea_b_r128": 1.3817805051803589,
  "idea_b_12L_384d": 1.3041043281555176,
  "idea_c_progressive": 1.2867677211761475
}