{"_runtime":509.0728732,"train_loss":3.7708992958068848,"val_bpb":2.2237740575643943,"_step":50,"_wandb":{"runtime":509},"val_loss":3.754749346088031,"_timestamp":1.7745250486946363e+09,"lr_scale":1,"step_avg_ms":2573.96071168012}