seed	artifact_bytes	corrected_bpb	eval_stride	eval_seq_len
42	15188240	1.208549	512	1024
1337	15417768	1.208902	512	1024
2024	15314099	1.211754	512	1024
mean	—	1.209735	512	1024
