{
  "config": {
    "device": "cuda",
    "dtype": "bf16",
    "seed": 2025,
    "output_json": "/workspace/parameter-golf/records/track_non_record_16mb/2026-04-02_EvolutionaryBenchmark/runs/committee_base_xsa_qk1p5_c4_t120_bf16_seed2025.json",
    "model_dim": 512,
    "num_layers": 9,
    "num_heads": 8,
    "num_kv_heads": 4,
    "mlp_mult": 3,
    "tie_embeddings": true,
    "tied_embed_init_std": 0.005,
    "rope_base": 10000.0,
    "logit_softcap": 30.0,
    "qk_gain_init": 1.5,
    "spine_variant": "xsa",
    "xsa_last_n": 4,
    "vocab_size": 256,
    "seq_len": 256,
    "stride": 64,
    "batch_size": 8,
    "base_lr": 0.002,
    "weight_decay": 0.01,
    "grad_clip_norm": 1.0
  },
  "dataset": {
    "enwik8_path": "/workspace/data/enwik8",
    "train_tokens": 90000000,
    "val_tokens": 5000000,
    "test_tokens": 5000000
  },
  "member_train_mode": "parallel_vmap",
  "members": [
    {
      "member_id": 0,
      "seed": 2126,
      "train": {
        "train_seconds_target": 120.0,
        "train_seconds_actual": 120.11823135986924,
        "steps_completed": 1753,
        "final_loss": 1.8190650939941406,
        "tokens_seen": 3590144
      },
      "eval": {
        "loss": 1.7388309091329575,
        "bpb": 2.5086027295505655,
        "tokens": 16384.0
      }
    },
    {
      "member_id": 1,
      "seed": 2127,
      "train": {
        "train_seconds_target": 120.0,
        "train_seconds_actual": 120.11823135986924,
        "steps_completed": 1753,
        "final_loss": 1.8382834196090698,
        "tokens_seen": 3590144
      },
      "eval": {
        "loss": 1.721728965640068,
        "bpb": 2.483929840483811,
        "tokens": 16384.0
      }
    },
    {
      "member_id": 2,
      "seed": 2128,
      "train": {
        "train_seconds_target": 120.0,
        "train_seconds_actual": 120.11823135986924,
        "steps_completed": 1753,
        "final_loss": 1.469813346862793,
        "tokens_seen": 3590144
      },
      "eval": {
        "loss": 1.746490016579628,
        "bpb": 2.519652485881513,
        "tokens": 16384.0
      }
    },
    {
      "member_id": 3,
      "seed": 2129,
      "train": {
        "train_seconds_target": 120.0,
        "train_seconds_actual": 120.11823135986924,
        "steps_completed": 1753,
        "final_loss": 1.7014236450195312,
        "tokens_seen": 3590144
      },
      "eval": {
        "loss": 1.7232032418251038,
        "bpb": 2.4860567714248623,
        "tokens": 16384.0
      }
    }
  ],
  "member_ensemble_results": [
    {
      "topk": 2,
      "val_bpb": 2.3922541229782577,
      "test_bpb": 2.331770189431257
    },
    {
      "topk": 4,
      "val_bpb": 2.3563296344419364,
      "test_bpb": 2.293588987545977
    }
  ],
  "crossover": {
    "layer_swap": {
      "na": {
        "summary": {
          "num_trials": 0.0,
          "fraction_between_parents": 0.0,
          "fraction_collapse": 0.0,
          "fraction_improves_best_parent": 0.0
        },
        "trials": []
      }
    }
  }
}
