{
  "config": {
    "device": "cuda",
    "dtype": "bf16",
    "seed": 1337,
    "output_json": "/workspace/parameter-golf/records/track_non_record_16mb/2026-04-02_EvolutionaryBenchmark/runs/committee_base_xsa_qk1p5_c4_t120_bf16_seed1337.json",
    "model_dim": 512,
    "num_layers": 9,
    "num_heads": 8,
    "num_kv_heads": 4,
    "mlp_mult": 3,
    "tie_embeddings": true,
    "tied_embed_init_std": 0.005,
    "rope_base": 10000.0,
    "logit_softcap": 30.0,
    "qk_gain_init": 1.5,
    "spine_variant": "xsa",
    "xsa_last_n": 4,
    "vocab_size": 256,
    "seq_len": 256,
    "stride": 64,
    "batch_size": 8,
    "base_lr": 0.002,
    "weight_decay": 0.01,
    "grad_clip_norm": 1.0
  },
  "dataset": {
    "enwik8_path": "/workspace/data/enwik8",
    "train_tokens": 90000000,
    "val_tokens": 5000000,
    "test_tokens": 5000000
  },
  "member_train_mode": "parallel_vmap",
  "members": [
    {
      "member_id": 0,
      "seed": 1438,
      "train": {
        "train_seconds_target": 120.0,
        "train_seconds_actual": 120.03613446094096,
        "steps_completed": 1856,
        "final_loss": 1.6286625862121582,
        "tokens_seen": 3801088
      },
      "eval": {
        "loss": 1.6205664277076721,
        "bpb": 2.3379831486850016,
        "tokens": 16384.0
      }
    },
    {
      "member_id": 1,
      "seed": 1439,
      "train": {
        "train_seconds_target": 120.0,
        "train_seconds_actual": 120.03613446094096,
        "steps_completed": 1856,
        "final_loss": 1.7755732536315918,
        "tokens_seen": 3801088
      },
      "eval": {
        "loss": 1.6731321513652802,
        "bpb": 2.4138194575265723,
        "tokens": 16384.0
      }
    },
    {
      "member_id": 2,
      "seed": 1440,
      "train": {
        "train_seconds_target": 120.0,
        "train_seconds_actual": 120.03613446094096,
        "steps_completed": 1856,
        "final_loss": 1.4887328147888184,
        "tokens_seen": 3801088
      },
      "eval": {
        "loss": 1.6450314223766327,
        "bpb": 2.373278675169286,
        "tokens": 16384.0
      }
    },
    {
      "member_id": 3,
      "seed": 1441,
      "train": {
        "train_seconds_target": 120.0,
        "train_seconds_actual": 120.03613446094096,
        "steps_completed": 1856,
        "final_loss": 1.4954235553741455,
        "tokens_seen": 3801088
      },
      "eval": {
        "loss": 1.6194098442792892,
        "bpb": 2.336314551508499,
        "tokens": 16384.0
      }
    }
  ],
  "member_ensemble_results": [
    {
      "topk": 2,
      "val_bpb": 2.246498675887208,
      "test_bpb": 2.2927226679379182
    },
    {
      "topk": 4,
      "val_bpb": 2.2280618992385697,
      "test_bpb": 2.275252476782792
    }
  ],
  "crossover": {
    "layer_swap": {
      "na": {
        "summary": {
          "num_trials": 0.0,
          "fraction_between_parents": 0.0,
          "fraction_collapse": 0.0,
          "fraction_improves_best_parent": 0.0
        },
        "trials": []
      }
    }
  }
}
