{
  "config": {
    "device": "cuda",
    "dtype": "bf16",
    "seed": 2025,
    "output_json": "/workspace/parameter-golf/records/track_non_record_16mb/2026-04-02_EvolutionaryBenchmark/runs/committee_base_xsa_qk4_c4_t120_bf16_seed2025.json",
    "model_dim": 512,
    "num_layers": 9,
    "num_heads": 8,
    "num_kv_heads": 4,
    "mlp_mult": 3,
    "tie_embeddings": true,
    "tied_embed_init_std": 0.005,
    "rope_base": 10000.0,
    "logit_softcap": 30.0,
    "qk_gain_init": 4.0,
    "spine_variant": "xsa",
    "xsa_last_n": 4,
    "vocab_size": 256,
    "seq_len": 256,
    "stride": 64,
    "batch_size": 8,
    "base_lr": 0.002,
    "weight_decay": 0.01,
    "grad_clip_norm": 1.0
  },
  "dataset": {
    "enwik8_path": "/workspace/data/enwik8",
    "train_tokens": 90000000,
    "val_tokens": 5000000,
    "test_tokens": 5000000
  },
  "member_train_mode": "parallel_vmap",
  "members": [
    {
      "member_id": 0,
      "seed": 2126,
      "train": {
        "train_seconds_target": 120.0,
        "train_seconds_actual": 120.05668077431619,
        "steps_completed": 1903,
        "final_loss": 1.6041454076766968,
        "tokens_seen": 3897344
      },
      "eval": {
        "loss": 1.7334176301956177,
        "bpb": 2.500793018872717,
        "tokens": 16384.0
      }
    },
    {
      "member_id": 1,
      "seed": 2127,
      "train": {
        "train_seconds_target": 120.0,
        "train_seconds_actual": 120.05668077431619,
        "steps_completed": 1903,
        "final_loss": 1.5957496166229248,
        "tokens_seen": 3897344
      },
      "eval": {
        "loss": 1.6932853311300278,
        "bpb": 2.4428943500313176,
        "tokens": 16384.0
      }
    },
    {
      "member_id": 2,
      "seed": 2128,
      "train": {
        "train_seconds_target": 120.0,
        "train_seconds_actual": 120.05668077431619,
        "steps_completed": 1903,
        "final_loss": 1.6980879306793213,
        "tokens_seen": 3897344
      },
      "eval": {
        "loss": 1.7148347645998,
        "bpb": 2.4739836108321245,
        "tokens": 16384.0
      }
    },
    {
      "member_id": 3,
      "seed": 2129,
      "train": {
        "train_seconds_target": 120.0,
        "train_seconds_actual": 120.05668077431619,
        "steps_completed": 1903,
        "final_loss": 1.2785260677337646,
        "tokens_seen": 3897344
      },
      "eval": {
        "loss": 1.7251670062541962,
        "bpb": 2.4888898846281884,
        "tokens": 16384.0
      }
    }
  ],
  "member_ensemble_results": [
    {
      "topk": 2,
      "val_bpb": 2.368847671156794,
      "test_bpb": 2.3013893251693536
    },
    {
      "topk": 4,
      "val_bpb": 2.3266660238254566,
      "test_bpb": 2.2663516006787128
    }
  ],
  "crossover": {
    "layer_swap": {
      "na": {
        "summary": {
          "num_trials": 0.0,
          "fraction_between_parents": 0.0,
          "fraction_collapse": 0.0,
          "fraction_improves_best_parent": 0.0
        },
        "trials": []
      }
    }
  }
}
