{
  "config": {
    "device": "cuda",
    "dtype": "bf16",
    "seed": 2025,
    "output_json": "/workspace/parameter-golf/records/track_non_record_16mb/2026-04-02_EvolutionaryBenchmark/runs/viability_member_ensemble_c4_t120_bf16_seed2025.json",
    "model_dim": 512,
    "num_layers": 9,
    "num_heads": 8,
    "num_kv_heads": 4,
    "mlp_mult": 3,
    "tie_embeddings": true,
    "tied_embed_init_std": 0.005,
    "rope_base": 10000.0,
    "logit_softcap": 30.0,
    "qk_gain_init": 1.5,
    "spine_variant": "plain",
    "xsa_last_n": 0,
    "vocab_size": 256,
    "seq_len": 256,
    "stride": 64,
    "batch_size": 8,
    "base_lr": 0.002,
    "weight_decay": 0.01,
    "grad_clip_norm": 1.0
  },
  "dataset": {
    "enwik8_path": "/workspace/data/enwik8",
    "train_tokens": 90000000,
    "val_tokens": 5000000,
    "test_tokens": 5000000
  },
  "member_train_mode": "parallel_vmap",
  "members": [
    {
      "member_id": 0,
      "seed": 2126,
      "train": {
        "train_seconds_target": 120.0,
        "train_seconds_actual": 120.01007848593872,
        "steps_completed": 2075,
        "final_loss": 1.5079903602600098,
        "tokens_seen": 4249600
      },
      "eval": {
        "loss": 1.6293897777795792,
        "bpb": 2.350712552077769,
        "tokens": 16384.0
      }
    },
    {
      "member_id": 1,
      "seed": 2127,
      "train": {
        "train_seconds_target": 120.0,
        "train_seconds_actual": 120.01007848593872,
        "steps_completed": 2075,
        "final_loss": 1.5815401077270508,
        "tokens_seen": 4249600
      },
      "eval": {
        "loss": 1.6549373418092728,
        "bpb": 2.387569896010201,
        "tokens": 16384.0
      }
    },
    {
      "member_id": 2,
      "seed": 2128,
      "train": {
        "train_seconds_target": 120.0,
        "train_seconds_actual": 120.01007848593872,
        "steps_completed": 2075,
        "final_loss": 1.5746560096740723,
        "tokens_seen": 4249600
      },
      "eval": {
        "loss": 1.6189714670181274,
        "bpb": 2.3356821068077824,
        "tokens": 16384.0
      }
    },
    {
      "member_id": 3,
      "seed": 2129,
      "train": {
        "train_seconds_target": 120.0,
        "train_seconds_actual": 120.01007848593872,
        "steps_completed": 2075,
        "final_loss": 1.6443564891815186,
        "tokens_seen": 4249600
      },
      "eval": {
        "loss": 1.6269404590129852,
        "bpb": 2.3471789320396477,
        "tokens": 16384.0
      }
    }
  ],
  "member_ensemble_results": [
    {
      "topk": 2,
      "val_bpb": 2.252123991920785,
      "test_bpb": 2.19059489830666
    },
    {
      "topk": 4,
      "val_bpb": 2.219771733527704,
      "test_bpb": 2.1577392251966723
    }
  ],
  "crossover": {
    "layer_swap": {
      "na": {
        "summary": {
          "num_trials": 0.0,
          "fraction_between_parents": 0.0,
          "fraction_collapse": 0.0,
          "fraction_improves_best_parent": 0.0
        },
        "trials": []
      }
    }
  }
}
