{
  "config": {
    "device": "cuda",
    "dtype": "bf16",
    "seed": 2025,
    "output_json": "/workspace/parameter-golf/records/track_non_record_16mb/2026-04-02_EvolutionaryBenchmark/runs/viability_member_ensemble_c4_t30_bf16_seed2025.json",
    "model_dim": 512,
    "num_layers": 9,
    "num_heads": 8,
    "num_kv_heads": 4,
    "mlp_mult": 3,
    "tie_embeddings": true,
    "tied_embed_init_std": 0.005,
    "rope_base": 10000.0,
    "logit_softcap": 30.0,
    "qk_gain_init": 1.5,
    "spine_variant": "plain",
    "xsa_last_n": 0,
    "vocab_size": 256,
    "seq_len": 256,
    "stride": 64,
    "batch_size": 8,
    "base_lr": 0.002,
    "weight_decay": 0.01,
    "grad_clip_norm": 1.0
  },
  "dataset": {
    "enwik8_path": "/workspace/data/enwik8",
    "train_tokens": 90000000,
    "val_tokens": 5000000,
    "test_tokens": 5000000
  },
  "member_train_mode": "parallel_vmap",
  "members": [
    {
      "member_id": 0,
      "seed": 2126,
      "train": {
        "train_seconds_target": 30.0,
        "train_seconds_actual": 30.034199106041342,
        "steps_completed": 509,
        "final_loss": 1.9183179140090942,
        "tokens_seen": 1042432
      },
      "eval": {
        "loss": 1.9540263265371323,
        "bpb": 2.819064091061599,
        "tokens": 16384.0
      }
    },
    {
      "member_id": 1,
      "seed": 2127,
      "train": {
        "train_seconds_target": 30.0,
        "train_seconds_actual": 30.034199106041342,
        "steps_completed": 509,
        "final_loss": 1.7838854789733887,
        "tokens_seen": 1042432
      },
      "eval": {
        "loss": 1.9659517109394073,
        "bpb": 2.836268783999456,
        "tokens": 16384.0
      }
    },
    {
      "member_id": 2,
      "seed": 2128,
      "train": {
        "train_seconds_target": 30.0,
        "train_seconds_actual": 30.034199106041342,
        "steps_completed": 509,
        "final_loss": 1.815516471862793,
        "tokens_seen": 1042432
      },
      "eval": {
        "loss": 1.9482824355363846,
        "bpb": 2.8107774079994137,
        "tokens": 16384.0
      }
    },
    {
      "member_id": 3,
      "seed": 2129,
      "train": {
        "train_seconds_target": 30.0,
        "train_seconds_actual": 30.034199106041342,
        "steps_completed": 509,
        "final_loss": 1.9178588390350342,
        "tokens_seen": 1042432
      },
      "eval": {
        "loss": 1.9643651247024536,
        "bpb": 2.83397982390346,
        "tokens": 16384.0
      }
    }
  ],
  "member_ensemble_results": [
    {
      "topk": 2,
      "val_bpb": 2.70236018983044,
      "test_bpb": 2.640210432327182
    },
    {
      "topk": 4,
      "val_bpb": 2.660868816366172,
      "test_bpb": 2.6059786830319784
    }
  ],
  "crossover": {
    "layer_swap": {
      "na": {
        "summary": {
          "num_trials": 0.0,
          "fraction_between_parents": 0.0,
          "fraction_collapse": 0.0,
          "fraction_improves_best_parent": 0.0
        },
        "trials": []
      }
    }
  }
}
