seed	run_id	ttt_bpb	total_bytes	train_ms	ttt_eval_ms
0	pr1413_combo_s0	1.08093485	15992638	588034	366951
7	pr1413_combo_s7	1.08167555	15994511	588138	321694
42	pr1413_combo_s42	1.08113936	15990501	588101	323468
1234	pr1413_combo_s1234	1.08091630	15990023	588011	322884
1337	pr1413_combo_s1337	1.08112499	15989185	588117	321721
2025	pr1413_combo_s2025	1.08232635	15989883	588070	320728
