{"_step":50,"val_loss":3.715856487409959,"step_avg_ms":2564.772228019865,"lr_scale":1,"_timestamp":1.7745240125574348e+09,"val_bpb":2.2007395159263687,"_wandb":{"runtime":510},"_runtime":510.275896055,"train_loss":3.7602663040161133}