{
  "val_bpb": 2.25851226,
  "val_loss": 5.89843750,
  "model_size_bytes": 16651095,
  "submission_size_bytes": 83001423
}
