{"_wandb":{"runtime":494},"val_bpb":2.2183812965919136,"lr_scale":1,"_runtime":494.840216454,"val_loss":3.745643895079573,"_timestamp":1.7745272083926284e+09,"train_loss":3.763766288757324,"step_avg_ms":2488.642202020128,"_step":50}