{"_runtime":623.719037113,"val_loss":6.929145795668215,"lr_scale":0.03203231232190314,"grad_norm":3.5108964443206787,"train_loss":8.20039176940918,"_timestamp":1.7745578673258333e+09,"step_avg_ms":83222.5916167481,"_step":4,"val_bpb":4.1038304401177745,"_wandb":{"runtime":623}}