{"_timestamp":1.7745286351104448e+09,"lr_scale":1,"val_bpb":2.199228377998411,"_step":50,"train_loss":3.739262819290161,"step_avg_ms":3052.2532462800154,"val_loss":3.7133049943175975,"_runtime":600.315707325,"_wandb":{"runtime":600}}