{"_wandb":{"runtime":608},"_timestamp":1.7745299878809197e+09,"_step":50,"val_loss":3.728250972378476,"val_bpb":2.2080802280723275,"train_loss":3.765305995941162,"step_avg_ms":3156.9755141000496,"lr_scale":1,"_runtime":608.858490227}