{"val_bpb":2.2101466433035046,"_step":50,"_runtime":396.900782582,"_wandb":{"runtime":396},"_timestamp":1.774523123213491e+09,"val_loss":3.731740027937702,"step_avg_ms":1975.1069359398389,"train_loss":3.766688823699951,"lr_scale":1}