{"train_loss":3.7327795028686523,"val_loss":3.6922127628653922,"_timestamp":1.774530980960416e+09,"val_bpb":2.1867363704644256,"step_avg_ms":3619.808673739899,"_step":50,"_runtime":710.136496234,"lr_scale":1,"_wandb":{"runtime":710}}