{
  "github_id": "AidenGeunGeun",
  "track": "track_10min_16mb",
  "status": "seed42_record_track_proof_complete_three_runtime_compliant_seed_proofs",
  "method": "SP8192 CaseOps + per-document score-first TTT + 2560 no-QV eval TTT + normalized token n-gram Adaptive Hedge",
  "headline_seed": 42,
  "val_bpb": 1.06082922,
  "val_bpb_mean_3seed": 1.06157781,
  "seeds": [
    {
      "seed": 42,
      "val_bpb": 1.06082922,
      "val_loss": 2.32148756,
      "raw_loss_sum": 111086708.60261762,
      "raw_bits_sum": 160264243.6096738,
      "gain_vs_control_bpb": 0.00222942,
      "gain_vs_fixed_bpb": 0.00038601,
      "inner_ttt_eval_seconds": 544.1,
      "total_eval_wallclock_seconds": 566.3,
      "wrapper_wallclock_seconds": 585,
      "model_bytes": 15872234,
      "model_sha256": "565441a723c0705e7d6d81bfe34271f6a4704fc21ceb1a50b076241c135b762c",
      "proof_type": "paired control/fixed/adaptive hedge proof",
      "runtime_status": "under_600s_wrapper"
    },
    {
      "seed": 0,
      "val_bpb": 1.06158291,
      "raw_loss_sum": 111165632.61728334,
      "raw_bits_sum": 160378106.8942391,
      "gain_vs_control_bpb": 0.00223118,
      "gain_vs_fixed_bpb": 0.00039113,
      "inner_ttt_eval_seconds": 546.7,
      "total_eval_wallclock_seconds": 568.5,
      "wrapper_wallclock_seconds": 587,
      "model_bytes": 15871302,
      "model_sha256": "489cf25b2c852a79a6f8265d007ee1f18196dbd2e5e34b96ef4a9234774e2622",
      "proof_type": "paired control/fixed/adaptive hedge proof",
      "runtime_status": "under_600s_wrapper"
    },
    {
      "seed": 1234,
      "val_bpb": 1.0623213,
      "val_loss": 2.32475278,
      "raw_loss_sum": 111242954.18002427,
      "raw_bits_sum": 160489658.3293592,
      "inner_ttt_eval_seconds": 545.6,
      "total_eval_wallclock_seconds": 568.1,
      "wrapper_wallclock_seconds": 586,
      "model_bytes": 15874515,
      "model_sha256": "8b5521ee68a41df1c1e91ade6a814f68c7cf0034096fc775e1f4583275399a41",
      "proof_type": "selected adaptive hedge scorer only; paired diagnostics bypassed for runtime proof",
      "runtime_status": "under_600s_wrapper"
    }
  ],
  "scored_tokens": 47851520,
  "scored_bytes": 151074499,
  "docs": 50000,
  "doc_order_hash": "33236cc6bd19fa6b89e06d441d3fcd8eb37dc8540f6a4f2b627b20af10894a41",
  "code_wrapper_bytes": 57552,
  "code_wrapper_sha256": "37e54152983aab20b248e54b5b624b057624a78295035958ab4bbc3feca47320",
  "code_source_sha256": "88b870cbdf784d72d75e652f13336a82bab012b563a2e0acf7f83935f4bcff45",
  "artifact_bytes_max": 15932067,
  "cap_bytes": 16000000,
  "margin_bytes": 67933,
  "eval_data_safety": {
    "validation_only_view": true,
    "train_shards_visible": 0,
    "val_token_shards": 5,
    "val_byte_shards": 5
  },
  "legality": {
    "official_sp8192_distribution": true,
    "score_before_update": true,
    "strict_prefix_ngram_state": true,
    "no_byte_ppm": true,
    "no_custom_tokenizer": true,
    "no_global_validation_sgd": true,
    "no_cross_document_adaptive_state": true,
    "ttt_warm_start_a": 0,
    "phased_ttt_prefix_docs": 0
  },
  "notes": [
    "Seed42 is the headline record-track proof and clears wrapper runtime under 600 seconds.",
    "Seed0 and seed1234 are supporting runtime-compliant reproducibility proofs.",
    "Seed1234 final runtime proof uses selected Adaptive Hedge scorer only; paired control/fixed diagnostics were bypassed for runtime proof after prior paired evidence.",
    "Three-seed mean is reported for transparency and is not claimed to beat the displayed leaderboard mean.",
    "All n-gram helper logic is embedded into counted train_gpt.py wrapper.",
    "PR #1915 remains the conservative frozen anchor and is not modified by this follow-up."
  ]
}
