{
  "overall": {
    "n": 199999,
    "bpt_base": 5.638564158716114,
    "bpt_blend": 5.61979369713518,
    "delta": -0.01877046158093343
  },
  "buckets": {
    "no_hit__0-2047": {
      "n": 99326,
      "nll_base": 393384.34549938684,
      "nll_blend": 393929.5503704393,
      "bpt_base": 5.7138477781780805,
      "bpt_blend": 5.721766795995529
    },
    "in_window__0-2047": {
      "n": 67,
      "nll_base": 276.0072292536497,
      "nll_blend": 270.15112894773483,
      "bpt_base": 5.94319792378722,
      "bpt_blend": 5.817099910797791
    },
    "out_of_window__0-2047": {
      "n": 38341,
      "nll_base": 143486.9701188384,
      "nll_blend": 142149.79052303688,
      "bpt_base": 5.3991273107803925,
      "bpt_blend": 5.348811920685175
    },
    "no_hit__2048-4095": {
      "n": 17350,
      "nll_base": 68114.04950744228,
      "nll_blend": 68162.33384739805,
      "bpt_base": 5.663850227046243,
      "bpt_blend": 5.667865188303119
    },
    "out_of_window__2048-4095": {
      "n": 7267,
      "nll_base": 28183.524529413087,
      "nll_blend": 27799.1167679308,
      "bpt_base": 5.5951879831232585,
      "bpt_blend": 5.518872698801018
    },
    "no_hit__4096+": {
      "n": 24581,
      "nll_base": 97957.27112942957,
      "nll_blend": 97836.04203665539,
      "bpt_base": 5.74925630679971,
      "bpt_blend": 5.742141193055079
    },
    "out_of_window__4096+": {
      "n": 13053,
      "nll_base": 50208.41081364022,
      "nll_blend": 48862.177950605284,
      "bpt_base": 5.549331593637827,
      "bpt_blend": 5.400537946554225
    },
    "in_window__2048-4095": {
      "n": 13,
      "nll_base": 53.65305010974407,
      "nll_blend": 52.89734047651291,
      "bpt_base": 5.954229947838064,
      "bpt_blend": 5.870363906283093
    },
    "in_window__4096+": {
      "n": 1,
      "nll_base": 2.8295717239379883,
      "nll_blend": 2.8759899139404297,
      "bpt_base": 4.082209093964971,
      "bpt_blend": 4.149176386488534
    }
  }
}