{"val_loss":3.781418496150666,"val_bpb":2.239569030432122,"_timestamp":1.7745267061100767e+09,"lr_scale":1,"step_avg_ms":2472.2500372401555,"train_loss":3.8232855796813965,"_wandb":{"runtime":493},"_runtime":493.602379103,"_step":50}