step,wall_time,train_loss,train_bpb,val_loss,val_bpb,lr
5,1.5,5.533458,7.983092,,,1.80e-05
10,3.0,5.375987,7.755909,,,3.30e-05
15,4.3,5.239569,7.559100,,,4.80e-05
20,5.8,5.099511,7.357039,,,6.30e-05
