step,wall_time,train_loss,train_bpb,val_loss,val_bpb,lr
5,0.3,5.558911,8.019814,,,1.80e-05
10,0.5,5.531309,7.979992,,,3.30e-05
15,0.6,5.497963,7.931884,,,4.80e-05
15,2.1,,,5.466674,7.886743,4.80e-05
20,2.3,5.460195,7.877396,,,6.30e-05
25,2.6,5.389068,7.774781,,,7.80e-05
30,4.0,,,5.305748,7.654577,0
