{"_timestamp":1.7745223135023565e+09,"val_loss":3.7271137242587393,"val_bpb":2.207406685677728,"_runtime":396.160674534,"train_loss":3.767535924911499,"step_avg_ms":1963.0270427200594,"_step":50,"_wandb":{"runtime":396},"lr_scale":1}