seed	eval_tokens	no_ppm_bpb	ppm_bpb	delta_bpb	ppm_order	ppm_conf_thresh	lambda_hi	lambda_lo	ttt_epochs	ttt_chunk_tokens	ppm_eval_ms	model_bytes	code_plus_model_bytes
42	1048576	1.30354672	1.18646113	-0.11708559	5	0.78	0.90	0.05	2	8192	101459	15980843	15999393
314	1048576	1.30570964	1.18796658	-0.11774306	5	0.78	0.90	0.05	2	8192	95583	15979545	15998095
999	1048576	1.30619843	1.18853427	-0.11766416	5	0.78	0.90	0.05	2	8192	94996	15980639	15999189
