{"lr_scale":1,"grad_norm":0.23986004292964935,"train_loss":2.357853889465332,"_wandb":{"runtime":2777},"_step":500,"val_loss":2.375083764247166,"val_bpb":1.4066583871911558,"step_avg_ms":3154.1338251400157,"_runtime":2777.546620495,"_timestamp":1.7745529855891504e+09}