{"_timestamp":1.7745424819536245e+09,"val_bpb":1.3684446567690138,"train_loss":2.2855165004730225,"_wandb":{"runtime":2788},"_runtime":2788.429911049,"step_avg_ms":3165.3810700719764,"grad_norm":0.15179167687892914,"val_loss":2.3105614811374906,"_step":500,"lr_scale":1}