{
  "A_ce": 2.132023811340332,
  "A_bpc": 3.075860179677884,
  "A_params": 2410944,
  "B_ce": 2.1797144412994385,
  "B_bpc": 3.1446632150167577,
  "B_params": 3000768,
  "C_ce": 2.2511019706726074,
  "C_bpc": 3.2476536496247435,
  "C_params": 3738048,
  "D_ce": 2.271700382232666,
  "D_bpc": 3.27737087583263,
  "D_params": 4327872,
  "E_ce": 2.2721877098083496,
  "E_bpc": 3.278073940909357,
  "E_params": 4327872,
  "F_three_way_bpc": 2.9284442412233265,
  "F_three_way_baseline_bpc": 2.9284442412233265
}