{
  "A_small_fp32": 1.3193752765655518,
  "B_small_qat_int4": 1.3250839710235596,
  "C_teacher": 1.315826416015625,
  "D_distill_T2.0_a0.3": 1.3229968547821045,
  "D_distill_T2.0_a0.5": 1.3094488382339478,
  "D_distill_T4.0_a0.3": 1.333116054534912,
  "D_distill_T4.0_a0.5": 1.3122836351394653,
  "E_distill_qat_int4": 1.3312817811965942,
  "F_teacher_pq": 5.168092250823975
}