{
  "kind": "shallow_blue_probe_tiny_mlp_v1",
  "feature_names": [
    "backbone_agrees_with_ngram",
    "ngram_log_support",
    "ngram_prediction_prob",
    "ngram_top2_prediction_prob",
    "ngram_top1_top2_margin",
    "ngram_log_unique_continuations",
    "ngram_continuation_entropy_bits",
    "lz_triggered",
    "lz_log_match_len",
    "lz_log_support",
    "lz_prediction_prob",
    "backbone_entropy_bits",
    "backbone_top1_prob",
    "prefix_log_tokens",
    "regime_repeat_fraction"
  ],
  "feature_means": [
    0.5153274299128616,
    1.478040516340942,
    0.8102493029283628,
    0.09831114747416957,
    0.7119381554542977,
    1.037246613650468,
    0.6231626397772501,
    0.40471600806589975,
    0.7692599345044023,
    0.45315411319598475,
    0.36415184735468353,
    2.5859594251965854,
    0.5834247687127649,
    8.265860224201482,
    0.7791193803640235
  ],
  "feature_stds": [
    0.49976501467448575,
    1.0619024545551528,
    0.28326284754692643,
    0.15889712085530633,
    0.4143673717862596,
    0.6182512684847085,
    1.0391176210587139,
    0.49083700031720573,
    0.9452165069044218,
    0.7089783336556924,
    0.46338481639943985,
    2.1899243351149043,
    0.3442005976845935,
    2.1101592965858025,
    0.19265907433540896
  ],
  "hidden_dim": 32,
  "fc1_weight": [
    [
      0.00277228862978518,
      -0.45017877221107483,
      0.10155431181192398,
      0.06147535517811775,
      0.00797212589532137,
      -0.02023807354271412,
      -0.011644619517028332,
      0.06930211931467056,
      -0.09215240925550461,
      -0.30163082480430603,
      0.15185098350048065,
      0.19498588144779205,
      0.12715375423431396,
      -0.06973647326231003,
      -0.26578375697135925
    ],
    [
      -0.4457172453403473,
      0.3053252100944519,
      0.015393068082630634,
      -0.1453465223312378,
      0.03647106513381004,
      -0.47636857628822327,
      0.2945671081542969,
      -0.1426931470632553,
      0.10802416503429413,
      0.030280383303761482,
      0.0642591044306755,
      0.5160027146339417,
      0.4528910517692566,
      -0.3700180947780609,
      0.3107200860977173
    ],
    [
      -0.24798890948295593,
      -0.04343036934733391,
      -0.008055074140429497,
      0.024937016889452934,
      0.01454603485763073,
      -0.013008498586714268,
      0.029898501932621002,
      -0.04295606538653374,
      0.18065576255321503,
      -0.0382852666079998,
      0.22045153379440308,
      0.1824990212917328,
      0.05634675547480583,
      0.040873218327760696,
      0.22154082357883453
    ],
    [
      -0.09878885746002197,
      0.12374506145715714,
      -0.0631176307797432,
      -0.007024838589131832,
      -0.027839578688144684,
      -0.24445468187332153,
      -0.0781337320804596,
      -0.002636680845171213,
      -0.019635291770100594,
      -0.07483082264661789,
      0.07925720512866974,
      0.021499697118997574,
      -0.03511746972799301,
      -0.5597448945045471,
      0.09943357110023499
    ],
    [
      -0.19930824637413025,
      0.1489887535572052,
      0.005425500683486462,
      -0.04485060274600983,
      0.05206059664487839,
      0.024726413190364838,
      -0.07109733670949936,
      -0.040131330490112305,
      0.09916967898607254,
      0.0978897362947464,
      -0.11897297948598862,
      -0.3182581663131714,
      -0.365704745054245,
      0.16082817316055298,
      -0.09229879081249237
    ],
    [
      0.12874853610992432,
      0.0035378679167479277,
      -0.035551175475120544,
      0.02249426767230034,
      0.007831468246877193,
      0.006067827809602022,
      -0.05954160913825035,
      -0.16107264161109924,
      -0.024083957076072693,
      0.19754813611507416,
      -0.28504419326782227,
      0.08942446857690811,
      -0.21660196781158447,
      -0.09420241415500641,
      0.05531274899840355
    ],
    [
      -0.139278382062912,
      0.3873251676559448,
      0.06873197108507156,
      -0.02412523329257965,
      0.0732579156756401,
      -0.23183445632457733,
      -0.18159045279026031,
      -0.12680058181285858,
      0.12926334142684937,
      0.06742929667234421,
      0.10448425263166428,
      0.07542859762907028,
      -0.1281796246767044,
      -0.04415079578757286,
      0.27406445145606995
    ],
    [
      -0.004566870629787445,
      -0.09463860839605331,
      -0.011101196520030499,
      -0.09548259526491165,
      0.026822112500667572,
      0.0696645975112915,
      0.07750409096479416,
      -0.01332267839461565,
      -0.08661338686943054,
      -0.020446976646780968,
      -0.03857806697487831,
      -0.0006186593091115355,
      -0.04716874286532402,
      0.029541734606027603,
      -0.05401194468140602
    ],
    [
      -0.07643691450357437,
      -0.2265838384628296,
      0.01595529168844223,
      -0.08605460822582245,
      0.07004374265670776,
      -0.011911272071301937,
      -0.027340924367308617,
      0.07793547213077545,
      -0.03364408761262894,
      0.05382445082068443,
      0.07872659713029861,
      -0.24571897089481354,
      0.00938312616199255,
      0.022993966937065125,
      -0.009059369564056396
    ],
    [
      -0.03100985288619995,
      -0.13380111753940582,
      -0.07790074497461319,
      -0.006210616324096918,
      -0.01728149875998497,
      -0.12045701593160629,
      0.12023181468248367,
      0.11401909589767456,
      -0.010144629515707493,
      0.1815863698720932,
      -0.050072260200977325,
      0.018178869038820267,
      -0.06020737811923027,
      -0.09033112227916718,
      -0.18787364661693573
    ],
    [
      -0.0716383159160614,
      -0.0642474889755249,
      0.04993702098727226,
      0.021052643656730652,
      0.0013064766535535455,
      -0.10336805880069733,
      -0.041316475719213486,
      -0.027648497372865677,
      -0.00137049809563905,
      -0.06513817608356476,
      0.04775388166308403,
      0.011443736962974072,
      -0.09934600442647934,
      0.09376724809408188,
      0.10098118335008621
    ],
    [
      -0.32261309027671814,
      0.30639782547950745,
      0.13422000408172607,
      0.04608084261417389,
      0.03772114962339401,
      0.03310707211494446,
      0.060884661972522736,
      -0.012256965972483158,
      -0.023359021171927452,
      0.10566169023513794,
      0.028066441416740417,
      0.022455807775259018,
      0.04237022623419762,
      -0.2927068769931793,
      0.04372215270996094
    ],
    [
      -0.48368069529533386,
      0.04563400149345398,
      0.11835460364818573,
      -0.21044425666332245,
      0.09032995998859406,
      -0.3588689863681793,
      -0.1174154207110405,
      -0.19573703408241272,
      0.35660138726234436,
      -0.008597181178629398,
      0.08887122571468353,
      0.04800261929631233,
      -0.1942981481552124,
      -0.06484144181013107,
      0.08102697879076004
    ],
    [
      -0.1611965149641037,
      0.32636627554893494,
      -0.07396484166383743,
      -0.030886515974998474,
      -0.05007125437259674,
      -0.2753707468509674,
      -0.0662786066532135,
      -0.21720156073570251,
      0.22237548232078552,
      0.005276161711663008,
      0.11368511617183685,
      -0.22956907749176025,
      -0.2904510498046875,
      -0.19844436645507812,
      0.20142224431037903
    ],
    [
      0.11514133960008621,
      -0.0776960626244545,
      0.12454013526439667,
      -0.08429741859436035,
      0.11946233361959457,
      0.07352764904499054,
      -0.08605670928955078,
      0.07464761286973953,
      0.13474828004837036,
      -0.056865815073251724,
      0.03447284922003746,
      -0.23853324353694916,
      -0.04250310733914375,
      0.14797882735729218,
      -0.029308300465345383
    ],
    [
      -0.06688296794891357,
      0.7131257653236389,
      0.03468261659145355,
      0.047897819429636,
      -0.07389406859874725,
      -0.3381648361682892,
      -0.13240879774093628,
      -0.06104813888669014,
      0.1730225831270218,
      0.03671620413661003,
