{"step_avg_ms":676.9941978683211,"_runtime":7566.023401367,"_timestamp":1.7748215802918837e+09,"_wandb":{"runtime":7566},"_step":6500,"lr_scale":0.0004,"grad_norm":0.03700580447912216,"val_loss":1.9184241376737514,"train_loss":1.9833201169967651,"val_bpb":1.1361988339405418}