{"_wandb":{"runtime":511},"train_loss":3.764610767364502,"_step":50,"_runtime":511.283981529,"_timestamp":1.774524530800683e+09,"step_avg_ms":2577.7040203400247,"lr_scale":1,"val_bpb":2.2142178775199093,"val_loss":3.7386141363750314}