{"_step":6188,"val_loss":1.9310067692893829,"grad_norm":0.03314758464694023,"_timestamp":1.7746041721319935e+09,"train_loss":1.92824387550354,"_wandb":{"runtime":7907},"val_bpb":1.1436509771287104,"lr_scale":0.02205410137804706,"step_avg_ms":775.8823216956074,"_runtime":7907.805803859}