{"_step":50,"_runtime":397.849574269,"lr_scale":1,"_wandb":{"runtime":397},"_timestamp":1.774522718399421e+09,"step_avg_ms":1978.93598405979,"train_loss":3.775528907775879,"val_loss":3.7384158033878103,"val_bpb":2.2141004135533198}