{"val_bpb":1.1552031360520438,"grad_norm":0.036941949278116226,"_wandb":{"runtime":9854},"val_loss":1.9505121057311605,"train_loss":1.9637089967727661,"_step":3456,"_runtime":9854.375477361,"_timestamp":1.7745712654533072e+09,"step_avg_ms":1389.1407154272545,"lr_scale":0.0037399857268641938}