{"train_loss":3.7771451473236084,"val_bpb":2.2087608504636838,"_timestamp":1.7745255652383268e+09,"_step":50,"_wandb":{"runtime":510},"_runtime":510.138606162,"val_loss":3.7294001747761674,"lr_scale":1,"step_avg_ms":2573.8786139001604}