{"step_avg_ms":1413.769916971644,"val_bpb":1.1572276575893548,"grad_norm":0.035237833857536316,"_runtime":5434.912608135,"_step":3396,"train_loss":1.9649734497070312,"_wandb":{"runtime":5434},"_timestamp":1.7745636406532588e+09,"lr_scale":0.027152011510183278,"val_loss":1.9539304255431496}